Date;Close_GJTL;Close_TLKM;Close_UNTR;Close_DILD;Close_UNVR
19/04/2019;675;3860;26075;336;9880
22/04/2019;680;3780;26075;334;9655
23/04/2019;705;3850;27200;338;9850
24/04/2019;700;3840;27550;338;9730
25/04/2019;685;3830;27675;332;9280
26/04/2019;695;3910;27600;336;9100
29/04/2019;680;3860;26950;336;9000
30/04/2019;740;3790;27175;332;9100
01/05/2019;740;3790;27175;332;9100
02/05/2019;725;3830;26825;334;9045
03/05/2019;740;3820;26625;334;8930
06/05/2019;710;3840;26925;328;9065
07/05/2019;735;3900;27150;328;8900
08/05/2019;750;3900;27150;324;8960
09/05/2019;715;3800;26100;324;8610
10/05/2019;715;3790;26250;324;8840
13/05/2019;705;3770;25525;316;8720
14/05/2019;690;3760;25525;324;8570
15/05/2019;660;3660;25350;314;8400
16/05/2019;640;3600;24850;314;8360
17/05/2019;620;3510;24825;324;8320
20/05/2019;625;3600;24500;322;8460
21/05/2019;635;3600;24725;318;8475
22/05/2019;630;3540;24400;324;8415
23/05/2019;655;3660;25550;320;8620
24/05/2019;665;3750;25100;322;8705
27/05/2019;665;3820;24850;320;8640
28/05/2019;655;3690;24300;320;8500
29/05/2019;665;3780;24875;324;8700
30/05/2019;665;3780;24875;324;8700
31/05/2019;665;3900;25350;326;8900
03/06/2019;665;3900;25350;326;8900
04/06/2019;665;3900;25350;326;8900
05/06/2019;665;3900;25350;326;8900
06/06/2019;665;3900;25350;326;8900
07/06/2019;665;3900;25350;326;8900
10/06/2019;685;4040;26550;326;8930
11/06/2019;665;4020;26700;326;8860
12/06/2019;650;3940;26775;316;9000
13/06/2019;650;3990;26750;314;8980
14/06/2019;655;3990;26900;316;8960
17/06/2019;650;3900;27025;324;8960
18/06/2019;655;3980;27200;352;9120
19/06/2019;null;null;null;null;9180
20/06/2019;660;4040;27500;416;9220
21/06/2019;660;4040;27450;416;9060
24/06/2019;685;3980;27450;420;8935
25/06/2019;705;4010;27800;420;9045
26/06/2019;710;3980;27800;416;8965
27/06/2019;690;4090;28075;406;8970
28/06/2019;715;4140;28200;384;9000
01/07/2019;730;4220;28825;396;9000
02/07/2019;730;4250;28475;398;9015
03/07/2019;745;4240;28250;396;8980
04/07/2019;740;4250;27700;398;8995
05/07/2019;725;4280;28025;400;8990
08/07/2019;730;4270;27300;408;9000
09/07/2019;745;4350;27700;398;9005
10/07/2019;735;4290;28025;400;9000
11/07/2019;755;4270;28000;404;8960
12/07/2019;750;4180;27850;434;8955
15/07/2019;760;4280;28025;448;8890
16/07/2019;750;4240;27800;438;8880
17/07/2019;755;4230;28000;438;8980
18/07/2019;740;4240;27275;422;9150
19/07/2019;740;4270;27275;444;9160
22/07/2019;735;4260;26600;436;9055
23/07/2019;740;4250;27000;434;9110
24/07/2019;735;4190;26975;440;9085
25/07/2019;735;4210;26950;440;8990
26/07/2019;680;4160;26525;438;8960
29/07/2019;680;4200;25575;442;8640
30/07/2019;685;4270;25500;452;8610
31/07/2019;690;4300;24925;442;8720
01/08/2019;700;4280;24450;442;9110
02/08/2019;690;4280;24575;436;9000
05/08/2019;675;4080;23875;412;8765
06/08/2019;670;4130;22750;418;8865
07/08/2019;665;4210;22800;420;8965
08/08/2019;675;4260;23200;426;8930
09/08/2019;690;4260;23175;426;8965
12/08/2019;685;4260;21700;424;8995
13/08/2019;680;4250;21225;414;8855
14/08/2019;680;4290;21575;418;8980
15/08/2019;675;4290;20750;414;8940
16/08/2019;675;4280;20500;416;8995
19/08/2019;675;4340;20700;414;8900
20/08/2019;675;4470;20550;414;9035
21/08/2019;670;4410;20025;414;8975
22/08/2019;670;4450;19975;416;9060
23/08/2019;680;4380;20500;414;9165
26/08/2019;670;4330;20125;412;9175
27/08/2019;670;4380;20700;416;9455
28/08/2019;675;4370;20900;420;9575
29/08/2019;675;4380;20675;422;9570
30/08/2019;680;4450;20925;412;9770
02/09/2019;685;4410;20600;420;9590
03/09/2019;680;4350;20400;420;9495
04/09/2019;685;4290;20450;410;9515
05/09/2019;685;4320;21025;414;9605
06/09/2019;680;4210;21575;416;9410
09/09/2019;685;4270;23300;420;9540
10/09/2019;680;4270;22950;430;9530
11/09/2019;680;4250;23500;434;9325
12/09/2019;680;4170;23050;424;9215
13/09/2019;675;4160;22775;422;9320
16/09/2019;660;4220;23075;418;9390
17/09/2019;640;4270;22850;424;9390
18/09/2019;650;4250;22525;424;9335
19/09/2019;645;4210;21750;420;9315
20/09/2019;645;4290;22000;420;9230
23/09/2019;650;4250;22100;404;9460
24/09/2019;640;4210;21200;400;9455
25/09/2019;635;4220;21125;400;9400
26/09/2019;640;4360;20850;406;9350
27/09/2019;640;4310;20475;400;9400
30/09/2019;630;4310;20575;398;9300
01/10/2019;630;4250;20550;400;9240
02/10/2019;615;4200;20200;396;9090
03/10/2019;615;4200;20200;400;9015
04/10/2019;600;4190;20200;394;9085
07/10/2019;605;4110;20400;390;8800
08/10/2019;610;4090;20225;386;8945
09/10/2019;600;4120;20050;386;8840
10/10/2019;610;4110;20150;386;8775
11/10/2019;620;4170;20325;380;8835
14/10/2019;625;4190;20625;376;8900
15/10/2019;625;4170;20900;380;8950
16/10/2019;625;4170;20350;376;9120
17/10/2019;630;4170;20375;374;8950
18/10/2019;635;4190;20850;368;8625
21/10/2019;640;4200;20775;362;8685
22/10/2019;635;4230;21500;352;8790
23/10/2019;625;4260;21625;358;8855
24/10/2019;675;4350;21925;354;8855
25/10/2019;650;4280;21200;342;8630
28/10/2019;645;4260;21450;336;8700
29/10/2019;645;4330;21325;334;8715
30/10/2019;650;4270;21700;326;8720
31/10/2019;640;4110;21675;320;8745
01/11/2019;630;4080;21500;326;8740
04/11/2019;620;4150;21575;338;8605
05/11/2019;620;4200;23250;338;8770
06/11/2019;625;4120;22850;338;8690
07/11/2019;625;4070;22050;350;8670
08/11/2019;625;4110;23275;352;8630
11/11/2019;600;4100;23325;348;8655
12/11/2019;615;4180;23800;350;8640
13/11/2019;610;4150;23225;338;8465
14/11/2019;605;4050;22425;340;8560
15/11/2019;610;4080;22375;338;8445
18/11/2019;610;4000;21900;334;8430
19/11/2019;625;4020;22450;328;8560
20/11/2019;610;4090;22675;344;8510
21/11/2019;605;4020;22100;322;8405
22/11/2019;600;4050;22750;324;8430
25/11/2019;605;3950;22350;322;8415
26/11/2019;600;3860;21375;320;8300
27/11/2019;595;3880;21600;312;8200
28/11/2019;580;3820;20900;298;8360
29/11/2019;585;3930;20925;276;8360
02/12/2019;590;3950;21725;290;8570
03/12/2019;600;3920;21150;284;8535
04/12/2019;595;3990;20700;280;8400
05/12/2019;600;4060;20800;274;8430
06/12/2019;600;4100;21325;282;8450
09/12/2019;600;4070;21350;282;8455
10/12/2019;600;4040;21300;274;8435
11/12/2019;595;4050;20800;282;8420
12/12/2019;590;3950;20450;282;8200
13/12/2019;590;3990;21175;290;8245
16/12/2019;585;3970;22000;300;8180
17/12/2019;585;3980;22375;292;8195
18/12/2019;590;3990;21800;288;8185
19/12/2019;585;3900;21725;284;8140
20/12/2019;585;4020;21250;288;8325
23/12/2019;585;4020;21200;304;8330
26/12/2019;580;4000;21625;302;8490
27/12/2019;585;3990;21675;308;8560
30/12/2019;585;3970;21525;260;8400
02/01/2020;580;3910;21500;312;8550
03/01/2020;580;3980;21275;310;8575
06/01/2020;560;3960;21575;304;8475
07/01/2020;570;3940;21250;308;8450
08/01/2020;560;3900;21550;306;8325
09/01/2020;555;3960;21325;322;8350
10/01/2020;560;3980;22250;308;8250
13/01/2020;560;4030;23050;294;8400
14/01/2020;555;3950;22700;296;8475
15/01/2020;540;3880;22000;298;8475
16/01/2020;565;3850;21900;296;8425
17/01/2020;555;3810;21775;300;8400
20/01/2020;550;3810;21500;300;8325
21/01/2020;540;3890;21075;298;8325
22/01/2020;540;3860;20600;304;8300
23/01/2020;530;3880;20350;304;8325
24/01/2020;510;3920;20200;304;8175
27/01/2020;496;3840;19925;300;8275
28/01/2020;494;3830;19875;302;8250
29/01/2020;505;3900;20025;310;8250
30/01/2020;496;3860;19975;302;8225
31/01/2020;494;3800;19200;292;7950
03/02/2020;486;3740;19075;292;7850
04/02/2020;484;3760;18775;292;7875
05/02/2020;492;3770;18750;280;8100
06/02/2020;494;3760;18700;284;7950
07/02/2020;492;3790;18800;284;7900
10/02/2020;482;3810;18275;282;7875
11/02/2020;480;3790;18025;284;7850
12/02/2020;480;3820;17700;282;7600
13/02/2020;466;3730;17625;280;7400
14/02/2020;456;3640;18325;280;7475
17/02/2020;458;3610;18350;282;7400
18/02/2020;474;3620;18350;282;7400
19/02/2020;484;3620;18475;280;7475
20/02/2020;482;3630;18425;276;7650
21/02/2020;474;3690;18225;274;7500
24/02/2020;460;3640;17900;272;7225
25/02/2020;454;3590;18275;272;7300
26/02/2020;432;3510;18000;270;7300
27/02/2020;418;3470;17575;264;7150
28/02/2020;392;3490;16600;254;6825
02/03/2020;388;3440;16675;252;6900
03/03/2020;402;3620;17650;252;7125
04/03/2020;408;3830;18500;248;7425
05/03/2020;420;3830;18025;246;7400
06/03/2020;404;3750;17300;246;7450
09/03/2020;368;3500;15800;242;7025
10/03/2020;370;3490;16525;242;7100
11/03/2020;364;3400;16300;238;7300
12/03/2020;328;3310;15200;218;7225
13/03/2020;328;3310;15200;218;7225
16/03/2020;306;3160;14525;212;6975
17/03/2020;286;2940;13525;200;6500
18/03/2020;266;2810;13400;186;6050
19/03/2020;248;2620;12600;180;5650
20/03/2020;260;2880;14850;200;6225
23/03/2020;244;2680;13825;199;5800
24/03/2020;248;2620;13975;200;5675
26/03/2020;292;2980;15025;224;6775
27/03/2020;310;3090;15500;238;6800
30/03/2020;294;3140;14425;250;6425
31/03/2020;296;3160;16900;250;7250
01/04/2020;290;3100;16625;258;7150
02/04/2020;300;3130;16900;250;7225
03/04/2020;324;3200;17150;248;7100
06/04/2020;358;3330;18000;250;7300
07/04/2020;356;3220;17600;246;7275
08/04/2020;332;3110;17500;250;7125
09/04/2020;346;3120;17125;250;7250
13/04/2020;360;3180;17550;240;7100
14/04/2020;358;3240;18250;240;7150
15/04/2020;342;3110;17725;240;6975
16/04/2020;330;3000;16625;238;6650
17/04/2020;340;3230;17325;238;6875
20/04/2020;334;3120;17300;240;7000
21/04/2020;316;3070;16400;236;6925
22/04/2020;326;3160;16250;236;7100
23/04/2020;328;3070;16200;236;7500
24/04/2020;310;3090;16225;234;7500
27/04/2020;310;3150;16400;238;7500
28/04/2020;314;3160;15550;228;7850
29/04/2020;324;3350;15600;238;8000
30/04/2020;338;3500;16300;224;8275
04/05/2020;326;3320;15525;226;7925
05/05/2020;330;3320;15200;222;8300
06/05/2020;330;3240;15300;232;8100
08/05/2020;332;3190;15825;230;8050
11/05/2020;396;3220;15725;222;8075
12/05/2020;370;3150;15500;228;8175
13/05/2020;356;3160;15275;220;8250
14/05/2020;352;3070;15000;220;8300
15/05/2020;352;3100;14250;220;8575
18/05/2020;350;3220;14150;220;8475
19/05/2020;382;3270;14500;228;8250
20/05/2020;366;3180;14600;222;8050
26/05/2020;372;3250;15075;218;8150
27/05/2020;380;3170;14950;216;8200
28/05/2020;366;3130;15100;216;8025
29/05/2020;354;3150;15700;212;7750
02/06/2020;364;3250;16375;214;8100
03/06/2020;374;3290;17075;220;8225
04/06/2020;382;3300;17000;220;8175
05/06/2020;388;3230;17100;222;8050
08/06/2020;412;3230;17550;230;8200
09/06/2020;406;3140;17775;216;8300
10/06/2020;400;3110;17225;214;8200
11/06/2020;386;3080;16450;216;8200
12/06/2020;378;3030;16450;212;8200
15/06/2020;374;3090;16125;204;8275
16/06/2020;384;3200;16950;200;8275
17/06/2020;400;3210;17700;202;8275
18/06/2020;400;3280;17650;198;8050
19/06/2020;396;3280;17850;198;8050
22/06/2020;390;3200;16900;194;8050
23/06/2020;378;3130;16575;194;8000
24/06/2020;384;3180;16725;194;8075
25/06/2020;376;3160;16475;191;7900
26/06/2020;380;3190;16475;190;7900
29/06/2020;376;3180;16700;190;7925
30/06/2020;384;3050;16550;188;7900
01/07/2020;380;3040;17000;189;7800
02/07/2020;372;3140;17150;190;8050
03/07/2020;376;3120;17150;189;7900
06/07/2020;382;3050;17225;187;7900
07/07/2020;380;3120;17325;183;7925
08/07/2020;380;3150;18450;184;8100
09/07/2020;390;3110;18450;183;7975
10/07/2020;402;3110;17925;182;7925
13/07/2020;406;3090;18500;182;8025
14/07/2020;400;3080;18325;181;8075
15/07/2020;410;3090;18250;181;8050
16/07/2020;404;3100;18325;180;8100
17/07/2020;406;3060;18450;181;8125
20/07/2020;402;3060;18400;178;8125
21/07/2020;404;3060;19325;181;8000
22/07/2020;400;3070;20000;180;8000
23/07/2020;418;3070;20075;179;8050
24/07/2020;515;3020;19450;179;8050
27/07/2020;505;3040;21000;180;8075
28/07/2020;565;3020;21600;180;8150
29/07/2020;580;3000;21500;178;8250
30/07/2020;540;3050;21350;179;8400
03/08/2020;505;2920;20450;176;8250
04/08/2020;515;2950;20450;177;8225
05/08/2020;520;3020;21525;178;8250
06/08/2020;570;3020;23775;177;8175
07/08/2020;560;2980;24700;179;8125
10/08/2020;550;2970;24775;178;8100
11/08/2020;555;2930;24275;180;8050
12/08/2020;550;2950;23525;182;8050
13/08/2020;555;3010;23300;181;8175
14/08/2020;550;3030;23075;179;8200
18/08/2020;535;3050;23600;178;8225
19/08/2020;540;3000;23475;177;8200
24/08/2020;540;3000;23000;175;8175
25/08/2020;600;2980;23550;179;8200
26/08/2020;580;3020;23250;180;8200
27/08/2020;555;2990;23525;183;8250
28/08/2020;560;2960;23425;183;8250
31/08/2020;540;2860;23000;178;8225
01/09/2020;555;2900;23500;179;8225
02/09/2020;560;2950;23350;182;8150
03/09/2020;540;2900;23400;181;8175
04/09/2020;520;2860;23100;179;8400
07/09/2020;530;2900;23150;181;8375
08/09/2020;530;2860;23150;184;8375
09/09/2020;510;2800;22650;180;8250
10/09/2020;476;2700;21400;168;7975
11/09/2020;476;2810;22925;166;8300
14/09/2020;492;2890;23000;177;8200
15/09/2020;488;2830;23875;170;8100
16/09/2020;480;2790;24025;173;8000
17/09/2020;468;2820;23400;170;8075
18/09/2020;472;2890;23800;175;8025
21/09/2020;452;2810;23600;171;8000
22/09/2020;440;2780;22825;165;7950
23/09/2020;424;2800;23150;160;7925
24/09/2020;408;2730;22875;155;7800
25/09/2020;416;2690;23200;162;7925
28/09/2020;418;2660;22575;158;7900
29/09/2020;414;2630;22650;151;7975
30/09/2020;440;2560;22800;147;8100
01/10/2020;436;2750;22775;148;8025
02/10/2020;418;2680;22675;148;8000
05/10/2020;436;2650;22325;147;8075
06/10/2020;460;2650;22625;150;7975
07/10/2020;462;2660;22275;150;8000
08/10/2020;454;2700;22600;155;8025
09/10/2020;456;2730;22400;154;8050
12/10/2020;460;2730;22500;156;7950
13/10/2020;456;2730;22500;152;7975
14/10/2020;458;2810;22475;152;7925
15/10/2020;472;2780;21700;154;7925
16/10/2020;468;2750;21875;154;8000
19/10/2020;462;2710;22050;155;7900
20/10/2020;456;2670;22275;155;8000
21/10/2020;456;2680;22275;155;7950
22/10/2020;456;2700;22150;158;7850
23/10/2020;452;2630;21925;156;7925
26/10/2020;462;2650;21725;159;7875
27/10/2020;456;2620;21125;159;7825
02/11/2020;452;2560;20450;158;7625
03/11/2020;456;2580;20900;158;7825
04/11/2020;482;2580;20600;156;7800
05/11/2020;486;2770;20875;157;7900
06/11/2020;478;2830;20975;155;8075
09/11/2020;488;2880;20875;155;7950
10/11/2020;500;2860;20650;160;7800
11/11/2020;496;3080;21450;158;7750
12/11/2020;494;3040;21100;155;7800
13/11/2020;525;2990;21125;155;7750
16/11/2020;510;3070;21250;162;7725
17/11/2020;510;3220;21050;163;7775
18/11/2020;515;3180;21000;165;7800
19/11/2020;540;3170;21500;189;7775
20/11/2020;535;3220;21300;202;7725
23/11/2020;540;3320;22100;214;7825
24/11/2020;555;3350;22425;218;7850
25/11/2020;535;3280;24225;210;7725
26/11/2020;540;3470;24500;226;7750
27/11/2020;540;3460;24725;224;7750
30/11/2020;515;3230;23000;212;7725
01/12/2020;520;3240;24175;214;7700
02/12/2020;535;3330;26000;220;7650
03/12/2020;555;3300;26100;228;7550
04/12/2020;565;3250;26500;220;7600
07/12/2020;585;3330;26975;226;7675
08/12/2020;580;3300;26775;222;7625
10/12/2020;565;3260;26025;228;7550
11/12/2020;575;3280;26150;224;7475
14/12/2020;610;3320;27400;224;7500
15/12/2020;605;3450;26575;222;7475
16/12/2020;610;3610;27175;220;7500
17/12/2020;610;3540;27125;224;7425
18/12/2020;620;3510;26625;228;7600
21/12/2020;680;3520;28275;250;7625
22/12/2020;640;3360;26450;246;7475
23/12/2020;655;3320;26075;246;7425
28/12/2020;650;3430;26925;244;7450
29/12/2020;655;3420;26500;232;7350
30/12/2020;655;3310;26600;220;7350
04/01/2021;680;3490;26650;222;7475
05/01/2021;685;3470;26300;226;7375
06/01/2021;670;3370;25800;222;7200
07/01/2021;660;3390;26800;246;7200
08/01/2021;825;3570;27275;236;7175
11/01/2021;940;3600;26550;280;7200
12/01/2021;890;3510;26225;270;7100
13/01/2021;895;3480;26200;260;7025
14/01/2021;860;3500;26300;256;7000
15/01/2021;850;3480;26200;248;6950
18/01/2021;865;3450;26700;238;7500
19/01/2021;815;3410;25925;228;7575
20/01/2021;855;3470;25975;234;7400
21/01/2021;855;3480;25900;238;7325
22/01/2021;815;3390;25175;228;7275
25/01/2021;830;3370;24250;218;7250
26/01/2021;790;3260;23950;208;7250
27/01/2021;760;3380;23400;204;7125
28/01/2021;710;3240;23875;195;7075
29/01/2021;700;3110;22850;204;6925
01/02/2021;765;3230;23850;210;7025
02/02/2021;775;3270;22575;208;7000
03/02/2021;780;3240;22450;212;7175
04/02/2021;775;3290;22350;204;7300
05/02/2021;865;3290;23100;208;7225
08/02/2021;870;3280;24325;216;7100
09/02/2021;845;3200;23525;212;7100
10/02/2021;840;3190;23475;214;7150
11/02/2021;840;3190;23500;212;7175
15/02/2021;910;3220;23250;222;7050
16/02/2021;885;3210;23100;226;7025
17/02/2021;845;3150;22850;222;7100
18/02/2021;855;3180;22975;220;6975
19/02/2021;840;3210;23075;220;6950
22/02/2021;845;3170;23250;218;6875
23/02/2021;835;3470;23125;212;6850
24/02/2021;860;3480;22550;210;6850
25/02/2021;880;3490;23650;208;6775
26/02/2021;855;3490;22550;206;7000
01/03/2021;845;3490;22950;214;6825
02/03/2021;840;3460;22900;210;6825
03/03/2021;815;3440;22775;208;6875
04/03/2021;815;3360;22350;204;6725
05/03/2021;810;3320;21800;202;6725
08/03/2021;825;3340;23325;204;6650
09/03/2021;875;3290;22525;202;6550
10/03/2021;860;3400;21200;204;6575
12/03/2021;850;3450;21225;210;6700
15/03/2021;880;3380;21100;210;6575
16/03/2021;955;3360;21175;208;6550
17/03/2021;910;3390;21050;206;6475
18/03/2021;920;3450;21700;208;6600
19/03/2021;915;3440;21875;206;6750
22/03/2021;915;3380;21625;210;6700
23/03/2021;885;3360;21450;206;6750
24/03/2021;860;3370;21100;202;6575
25/03/2021;890;3410;21350;200;6650
26/03/2021;890;3490;21900;200;6600
29/03/2021;895;3410;21800;202;6725
30/03/2021;895;3380;21500;196;6550
31/03/2021;880;3420;22125;192;6575
01/04/2021;880;3390;22175;189;6625
05/04/2021;895;3380;22200;187;6475
06/04/2021;905;3370;22325;190;6475
07/04/2021;930;3400;22325;192;6525
08/04/2021;915;3390;22575;196;6600
09/04/2021;910;3360;22725;194;6475
12/04/2021;865;3310;21425;191;6325
13/04/2021;875;3330;22525;184;6225
14/04/2021;870;3340;22250;187;6300
15/04/2021;865;3360;21700;187;6400
16/04/2021;895;3360;22075;186;6325
19/04/2021;910;3340;22200;187;6300
20/04/2021;900;3320;22000;188;6225
21/04/2021;905;3280;22475;187;6100
22/04/2021;900;3330;21550;185;6125
23/04/2021;910;3310;21600;182;6075
26/04/2021;930;3250;21550;179;6125
27/04/2021;890;3160;21600;176;6025
28/04/2021;895;3140;21425;176;6075
29/04/2021;905;3200;21375;179;6050
30/04/2021;905;3200;21175;183;6000
03/05/2021;890;3170;20950;190;5900
04/05/2021;885;3210;21575;190;5750
05/05/2021;885;3200;22175;187;5775
06/05/2021;905;3190;21800;187;5550
07/05/2021;895;3190;21750;184;5525
10/05/2021;895;3170;21750;185;5700
11/05/2021;895;3180;21450;185;5625
17/05/2021;860;3190;21425;180;5600
18/05/2021;865;3180;21900;179;5575
19/05/2021;860;3160;21875;189;5450
20/05/2021;865;3310;22025;184;5625
21/05/2021;860;3270;21675;185;5575
24/05/2021;855;3260;21200;189;5725
25/05/2021;860;3300;21500;188;5675
27/05/2021;870;3380;21650;190;5825
28/05/2021;875;3270;21825;191;5775
31/05/2021;885;3440;22550;193;5850
02/06/2021;890;3450;23775;194;5850
03/06/2021;890;3490;23650;196;5775
04/06/2021;885;3500;23525;194;5650
07/06/2021;885;3550;22975;193;5625
08/06/2021;860;3500;23425;193;5475
09/06/2021;865;3390;23375;194;5300
10/06/2021;875;3480;22600;196;5300
11/06/2021;875;3470;22975;199;5350
14/06/2021;870;3410;22500;192;5250
15/06/2021;865;3440;22050;193;5175
16/06/2021;860;3410;22650;192;5200
17/06/2021;855;3350;22000;193;5075
18/06/2021;825;3350;22775;185;4900
21/06/2021;780;3300;21600;183;5100
22/06/2021;800;3300;21625;188;5050
23/06/2021;800;3370;21100;185;4990
24/06/2021;795;3250;21300;188;4960
25/06/2021;780;3250;21350;184;5000
28/06/2021;760;3170;20400;176;5025
29/06/2021;760;3160;20250;178;5000
30/06/2021;760;3150;20250;179;4950
01/07/2021;760;3110;20325;178;5225
02/07/2021;785;3070;20400;179;5150
05/07/2021;775;3040;20225;176;4950
06/07/2021;765;3010;20750;178;5000
07/07/2021;760;3030;20375;173;4930
08/07/2021;755;3010;20050;174;4860
09/07/2021;755;3160;19500;174;4890
12/07/2021;790;3130;19475;172;5025
13/07/2021;760;3070;19025;172;5100
14/07/2021;755;3060;18600;169;5100
15/07/2021;765;3130;19225;170;5150
16/07/2021;775;3170;19300;170;5150
19/07/2021;775;3220;19100;168;5075
21/07/2021;785;3210;19050;168;5125
22/07/2021;815;3260;20125;171;5025
23/07/2021;805;3170;19750;171;4800
26/07/2021;795;3190;20200;168;4700
27/07/2021;775;3270;20000;167;4500
28/07/2021;780;3190;19775;163;4450
29/07/2021;780;3230;19750;163;4330
30/07/2021;780;3240;19550;163;4220
02/08/2021;780;3310;19300;162;4400
03/08/2021;795;3330;19150;163;4380
04/08/2021;790;3370;18925;166;4330
05/08/2021;790;3340;18900;167;4440
06/08/2021;780;3320;18900;163;4420
09/08/2021;750;3250;18700;162;4310
10/08/2021;750;3230;19000;161;4250
12/08/2021;755;3350;20700;160;4210
13/08/2021;755;3300;20650;161;4250
16/08/2021;750;3340;20175;156;4150
18/08/2021;800;3420;19725;156;4230
19/08/2021;755;3390;19300;150;4110
20/08/2021;755;3400;19000;150;4070
23/08/2021;760;3440;19025;154;4060
24/08/2021;765;3400;18825;153;4080
25/08/2021;765;3370;19125;153;4170
26/08/2021;765;3360;19275;152;4090
27/08/2021;760;3320;19475;151;4030
30/08/2021;765;3400;20000;150;4130
31/08/2021;770;3400;20075;152;4050
01/09/2021;765;3340;20050;152;4100
02/09/2021;765;3370;20325;153;4150
03/09/2021;765;3390;21375;155;4240
06/09/2021;775;3390;21750;156;4250
07/09/2021;770;3380;21550;160;4250
08/09/2021;750;3330;20900;158;4100
09/09/2021;750;3390;21800;157;4100
10/09/2021;745;3330;21225;158;4080
13/09/2021;745;3350;20875;158;4040
14/09/2021;745;3440;21400;159;4050
15/09/2021;740;3450;21650;163;4040
16/09/2021;730;3440;21650;170;4010
17/09/2021;725;3530;20500;169;3950
20/09/2021;720;3520;20575;168;3880
21/09/2021;710;3530;20600;165;3840
22/09/2021;710;3590;20875;167;4040
23/09/2021;705;3560;21075;169;4050
24/09/2021;715;3560;22075;168;3970
27/09/2021;710;3520;22875;169;3860
28/09/2021;705;3530;24000;168;3820
29/09/2021;705;3530;25500;166;3920
30/09/2021;715;3690;26000;165;3950
01/10/2021;715;3660;26000;171;3860
04/10/2021;730;3670;27100;178;3980
05/10/2021;725;3670;26100;179;4150
06/10/2021;735;3760;26525;183;4270
07/10/2021;745;3720;25900;181;4830
08/10/2021;750;3800;26125;183;4760
11/10/2021;750;3810;26350;193;4830
12/10/2021;740;3780;26275;187;4930
13/10/2021;735;3770;26225;188;5250
14/10/2021;740;3830;25700;189;5325
15/10/2021;740;3810;25500;188;5225
18/10/2021;745;3790;26300;189;5100
19/10/2021;765;3740;25650;187;5125
21/10/2021;765;3850;24700;185;5000
22/10/2021;755;3870;23700;184;4850
25/10/2021;750;3780;24000;183;4580
26/10/2021;755;3800;24500;182;4640
27/10/2021;745;3790;24500;183;4540
28/10/2021;725;3750;23000;173;4440
29/10/2021;730;3800;23550;173;4420
01/11/2021;715;3700;23600;178;4420
02/11/2021;715;3660;23000;176;4470
03/11/2021;710;3720;22325;174;4450
04/11/2021;715;3770;22400;178;4450
05/11/2021;715;3770;22400;178;4430
08/11/2021;720;3750;23150;177;4460
09/11/2021;715;3710;23050;176;4430
10/11/2021;715;3700;22550;179;4370
11/11/2021;715;3650;22375;178;4660
12/11/2021;715;3600;22800;178;4600
15/11/2021;705;3600;22275;176;4510
16/11/2021;710;3670;22425;176;4570
17/11/2021;705;3630;22975;176;4500
18/11/2021;705;3630;22775;175;4480
19/11/2021;710;3900;22675;175;4660
22/11/2021;720;3800;23000;170;4840
23/11/2021;720;3800;22650;172;4880
24/11/2021;715;3800;22450;172;4840
25/11/2021;710;4000;22850;172;4820
26/11/2021;705;4010;21800;168;4710
29/11/2021;690;4140;21825;170;4630
30/11/2021;670;3990;21350;166;4480
01/12/2021;660;4080;22025;164;4310
02/12/2021;665;4160;23225;166;4290
03/12/2021;680;4070;22700;169;4220
06/12/2021;670;4170;22450;165;4200
07/12/2021;670;4150;23000;166;4270
08/12/2021;680;4090;22350;166;4270
09/12/2021;675;4150;22325;166;4370
10/12/2021;680;4150;23000;164;4430
13/12/2021;675;4080;22025;164;4380
14/12/2021;680;4100;22000;164;4290
15/12/2021;675;4080;21700;167;4270
16/12/2021;665;4100;21825;167;4210
17/12/2021;665;4100;21725;166;4150
20/12/2021;660;4080;21300;164;4140
21/12/2021;665;4160;22025;164;4080
22/12/2021;660;4110;21800;159;4060
23/12/2021;665;4160;22225;157;4080
24/12/2021;660;4110;22150;157;4200
27/12/2021;665;4080;22025;150;4210
28/12/2021;660;4090;22950;152;4180
29/12/2021;665;4080;22800;154;4120
30/12/2021;665;4040;22150;156;4110
03/01/2022;670;4180;21825;154;4230
04/01/2022;675;4170;21925;150;4250
05/01/2022;680;4050;21950;151;4210
06/01/2022;665;4120;21725;151;4230
07/01/2022;675;4170;22175;150;4220
10/01/2022;665;4100;21800;150;4250
11/01/2022;655;4090;21750;149;4180
12/01/2022;650;4110;22100;150;4330
13/01/2022;655;4180;22675;149;4270
14/01/2022;660;4190;23525;147;4220
17/01/2022;655;4180;23500;147;4150
18/01/2022;635;4250;23650;149;4110
19/01/2022;645;4250;23250;148;4100
20/01/2022;640;4220;22850;149;4100
21/01/2022;640;4330;23500;145;4150
24/01/2022;635;4300;23400;145;4080
25/01/2022;625;4290;23150;142;4060
26/01/2022;615;4390;22775;143;4130
27/01/2022;620;4270;23250;143;4060
28/01/2022;620;4260;23250;147;4050
31/01/2022;620;4190;23125;147;4030
02/02/2022;620;4170;22925;148;4050
03/02/2022;625;4200;22825;149;4010
04/02/2022;635;4230;22500;150;4020
07/02/2022;640;4290;22600;149;4000
08/02/2022;620;4230;22175;148;4000
09/02/2022;635;4280;22675;149;3960
10/02/2022;635;4460;22800;150;3980
11/02/2022;640;4450;23050;150;3900
14/02/2022;650;4400;23450;148;3850
15/02/2022;660;4410;24175;148;3870
16/02/2022;675;4400;23800;150;3870
17/02/2022;670;4410;23725;149;3830
18/02/2022;675;4400;23925;151;3850
21/02/2022;660;4370;23500;149;3850
22/02/2022;650;4300;23475;149;3810
23/02/2022;665;4350;24000;150;3820
24/02/2022;645;4240;25200;146;3690
25/02/2022;645;4340;24900;145;3680
01/03/2022;645;4350;24850;144;3680
02/03/2022;630;4290;25525;143;3660
04/03/2022;625;4400;27075;146;3520
07/03/2022;615;4510;27350;143;3430
08/03/2022;620;4620;25700;144;3360
09/03/2022;635;4440;26400;145;3400
10/03/2022;640;4410;25950;145;3430
11/03/2022;640;4590;26700;144;3370
14/03/2022;640;4580;24850;143;3380
15/03/2022;630;4620;24475;143;3280
16/03/2022;625;4630;25000;141;3450
17/03/2022;635;4480;25250;144;3420
18/03/2022;630;4540;25425;146;3360
21/03/2022;630;4550;25350;144;3460
22/03/2022;625;4550;25550;144;3490
23/03/2022;630;4550;25725;145;3410
24/03/2022;630;4560;26600;145;3380
25/03/2022;630;4520;26325;144;3400
28/03/2022;630;4600;26600;145;3460
29/03/2022;625;4560;26025;145;3480
30/03/2022;630;4580;25875;145;3720
31/03/2022;625;4580;25550;145;3660
01/04/2022;630;4580;25925;145;3620
04/04/2022;625;4540;26775;146;3570
05/04/2022;630;4520;27200;145;3680
06/04/2022;630;4430;27450;145;3600
07/04/2022;625;4540;27150;148;3570
08/04/2022;625;4580;28600;148;3540
11/04/2022;625;4590;28450;148;3460
12/04/2022;625;4630;27950;147;3520
13/04/2022;620;4690;29275;146;3440
14/04/2022;620;4680;29800;146;3400
18/04/2022;615;4710;30000;146;3390
19/04/2022;620;4680;29600;145;3350
20/04/2022;645;4630;28350;143;3470
21/04/2022;665;4620;28125;145;3400
22/04/2022;640;4620;28300;143;3430
25/04/2022;630;4710;27625;143;3690
26/04/2022;630;4760;28750;145;3890
27/04/2022;625;4770;28900;145;3810
28/04/2022;650;4620;30275;146;3890
09/05/2022;640;4310;29225;146;4010
10/05/2022;640;4340;29625;145;4380
11/05/2022;635;4330;30225;141;4880
12/05/2022;625;4300;29300;140;4690
13/05/2022;630;4260;30225;144;4800
17/05/2022;620;4180;30075;145;4800
18/05/2022;620;4250;30300;145;5025
19/05/2022;620;4210;29975;145;4880
20/05/2022;625;4170;29900;145;5050
23/05/2022;620;4110;29650;144;4880
24/05/2022;625;4150;30300;143;4810
25/05/2022;620;4200;30175;143;4770
27/05/2022;635;4300;30400;148;4760
30/05/2022;640;4250;30250;146;4650
31/05/2022;645;4310;31300;147;4730
02/06/2022;670;4290;31625;145;4790
03/06/2022;655;4310;32600;147;4720
06/06/2022;665;4340;32175;148;4770
07/06/2022;670;4250;32825;148;4730
08/06/2022;710;4100;33050;147;4890
09/06/2022;700;4050;32400;147;4820
10/06/2022;720;4020;32200;147;4750
13/06/2022;700;4080;30675;146;4690
14/06/2022;695;4110;31550;158;4740
15/06/2022;655;4060;29750;152;4800
16/06/2022;665;4040;30000;155;4800
17/06/2022;645;4120;28800;152;4650
20/06/2022;655;4040;29000;152;5025
21/06/2022;675;4110;29150;151;5050
22/06/2022;680;4050;29200;150;4890
23/06/2022;670;4160;29275;152;4960
24/06/2022;705;4150;29275;151;4990
27/06/2022;730;4070;29200;151;4980
28/06/2022;720;4030;29800;151;5050
29/06/2022;715;4040;28525;148;4940
30/06/2022;685;4000;28400;143;4770
01/07/2022;670;4020;26500;144;4830
04/07/2022;680;3990;26525;144;4700
05/07/2022;695;3990;27975;146;4760
06/07/2022;680;4020;26800;145;4780
07/07/2022;690;4040;26775;145;5000
08/07/2022;685;4010;27450;146;4890
11/07/2022;690;4040;27225;146;4800
12/07/2022;685;4010;26925;147;4880
13/07/2022;685;3940;28275;145;4900
14/07/2022;690;4020;29800;147;4900
15/07/2022;680;4150;29025;148;4830
18/07/2022;685;4190;28850;148;4980
19/07/2022;690;4160;29100;147;4970
20/07/2022;700;4210;30175;148;4970
21/07/2022;700;4260;30000;149;5000
22/07/2022;700;4230;30075;149;5000
25/07/2022;690;4240;30575;149;4930
26/07/2022;670;4250;30600;145;4930
27/07/2022;675;4300;31100;148;4720
28/07/2022;680;4240;31300;148;4510
29/07/2022;705;4230;32300;148;4510
01/08/2022;695;4300;32175;148;4550
02/08/2022;695;4450;32875;148;4600
03/08/2022;700;4500;33950;148;4590
04/08/2022;700;4550;33200;148;4600
05/08/2022;705;4650;32500;148;4720
08/08/2022;715;4700;32400;149;4790
09/08/2022;715;4640;32375;148;4720
10/08/2022;705;4560;32350;149;4780
11/08/2022;710;4570;31900;195;4750
12/08/2022;710;4550;31600;189;4770
15/08/2022;710;4450;32500;200;4760
16/08/2022;705;4410;32400;206;4770
18/08/2022;710;4550;32000;202;4790
19/08/2022;700;4600;31650;197;4730
22/08/2022;695;4650;31800;185;4750
23/08/2022;685;4660;32125;177;4810
24/08/2022;700;4750;32625;178;4850
25/08/2022;700;4570;32950;182;4840
26/08/2022;695;4490;33100;179;4610
29/08/2022;690;4520;33000;179;4580
30/08/2022;690;4480;33325;180;4580
31/08/2022;685;4560;33850;180;4590
01/09/2022;685;4580;33275;175;4540
02/09/2022;690;4600;33900;175;4550
05/09/2022;685;4620;34350;175;4530
06/09/2022;685;4510;35500;181;4510
07/09/2022;685;4490;35075;181;4590
08/09/2022;685;4560;34400;186;4520
09/09/2022;685;4600;34300;188;4500
12/09/2022;685;4540;34500;195;4550
13/09/2022;685;4520;34350;190;4670
14/09/2022;685;4480;34000;187;4630
15/09/2022;690;4500;34900;194;4600
16/09/2022;690;4410;34325;194;4630
19/09/2022;680;4500;34300;184;4600
20/09/2022;680;4480;34150;184;4730
21/09/2022;680;4430;34325;181;4810
22/09/2022;675;4430;35100;183;4810
23/09/2022;675;4380;34000;183;4810
26/09/2022;665;4460;33300;179;4790
27/09/2022;660;4440;33400;180;4800
28/09/2022;650;4470;33000;175;4810
29/09/2022;645;4440;33125;171;4850
30/09/2022;635;4460;32825;174;4830
03/10/2022;640;4460;33000;172;4850
04/10/2022;645;4440;33800;182;4870
05/10/2022;655;4460;33075;174;4830
06/10/2022;645;4430;32850;176;4900
07/10/2022;645;4350;33000;174;4840
10/10/2022;645;4420;32300;173;4800
11/10/2022;635;4310;32200;172;4730
12/10/2022;630;4340;32350;169;4790
13/10/2022;625;4300;32200;169;4840
14/10/2022;620;4290;33750;170;4810
17/10/2022;590;4330;32900;168;4830
18/10/2022;585;4250;32000;166;4900
19/10/2022;595;4200;31800;169;5350
20/10/2022;595;4350;31825;179;5400
21/10/2022;615;4360;32000;180;5300
24/10/2022;615;4410;32375;182;5325
25/10/2022;625;4390;32000;187;5275
26/10/2022;625;4370;33200;182;5400
27/10/2022;630;4370;32750;181;5350
28/10/2022;630;4450;32250;188;4980
31/10/2022;605;4390;32300;185;4640
01/11/2022;605;4420;31450;186;4530
02/11/2022;595;4220;30700;183;4500
03/11/2022;600;4130;31000;181;4510
04/11/2022;600;4210;31275;176;4540
07/11/2022;610;4280;31275;172;4620
08/11/2022;615;4220;31175;175;4630
09/11/2022;600;4190;31000;175;4540
10/11/2022;590;4170;29400;175;4560
11/11/2022;590;4150;29000;177;4540
14/11/2022;590;4050;28700;177;4590
15/11/2022;590;4050;28650;177;4610
16/11/2022;585;4050;28750;175;4610
17/11/2022;590;4040;28625;176;4590
18/11/2022;605;4010;28800;176;4640
21/11/2022;600;4030;28800;176;4550
22/11/2022;600;4000;28950;177;4560
23/11/2022;595;3970;29625;177;4550
24/11/2022;595;4030;29975;183;4560
25/11/2022;600;4030;29850;182;4600
28/11/2022;590;3980;29750;181;4710
29/11/2022;595;3980;30700;181;4700
30/11/2022;595;4040;30800;178;4800
01/12/2022;595;3960;30675;177;4710
02/12/2022;595;4000;29225;175;4710
05/12/2022;580;3840;28500;172;4740
06/12/2022;585;3600;28100;169;4740
07/12/2022;580;3680;28050;170;4700
08/12/2022;570;3740;27300;170;4660
09/12/2022;570;3650;26125;170;4620
12/12/2022;565;3700;26875;170;4690
13/12/2022;550;3750;26825;170;4720
14/12/2022;560;3750;26850;170;4720
15/12/2022;565;3670;26525;170;4700
16/12/2022;555;3680;26550;170;4870
19/12/2022;555;3720;26850;169;4730
20/12/2022;560;3720;26650;170;4770
21/12/2022;555;3790;26625;169;4780
22/12/2022;560;3750;27000;167;4840
23/12/2022;555;3780;26875;166;4820
26/12/2022;550;3750;26400;166;4750
27/12/2022;555;3810;26625;168;4810
28/12/2022;560;3730;26175;167;4770
29/12/2022;560;3780;26275;168;4760
30/12/2022;560;3750;26075;171;4700
02/01/2023;565;3800;25800;167;4620
03/01/2023;570;3860;25900;166;4600
04/01/2023;570;3820;24150;163;4640
05/01/2023;555;3770;24675;156;4730
06/01/2023;555;3710;24975;160;4760
09/01/2023;560;3790;24700;160;4760
10/01/2023;560;3830;24950;159;4690
11/01/2023;550;3870;25075;155;4700
12/01/2023;550;3860;24950;155;4760
13/01/2023;550;3780;24150;159;4790
16/01/2023;560;3850;24225;159;4770
17/01/2023;565;3950;24325;156;4760
18/01/2023;570;3930;24750;157;4800
19/01/2023;565;3890;26250;154;4800
20/01/2023;565;3870;26775;155;4810
24/01/2023;560;3850;26125;157;4830
25/01/2023;565;3840;26050;158;4850
26/01/2023;570;3970;25250;158;4800
27/01/2023;595;3960;25575;161;4750
30/01/2023;605;3960;25250;161;4760
31/01/2023;600;3850;24550;161;4660
01/02/2023;600;3870;24725;163;4630
02/02/2023;605;3890;24100;166;4730
03/02/2023;605;3880;24000;169;4690
06/02/2023;600;3880;23925;168;4730
07/02/2023;600;3800;24900;168;4860
08/02/2023;605;3840;24800;169;5025
09/02/2023;600;3770;24500;166;4920
10/02/2023;595;3800;24500;164;4580
13/02/2023;605;3790;24625;167;4520
14/02/2023;640;3800;24750;169;4560
15/02/2023;625;3790;24875;169;4550
16/02/2023;625;3770;24650;169;4520
17/02/2023;620;3760;24625;168;4510
20/02/2023;630;3820;24300;169;4540
21/02/2023;630;3840;24000;169;4500
22/02/2023;620;3860;24325;169;4480
23/02/2023;630;3970;24700;168;4400
24/02/2023;635;4040;24950;168;4350
27/02/2023;630;3960;25175;169;4300
28/02/2023;625;3880;27900;175;4180
01/03/2023;625;3930;27575;173;4150
02/03/2023;620;3880;28325;174;4150
03/03/2023;620;3900;28125;169;4060
06/03/2023;620;3880;27650;170;4170
07/03/2023;620;3880;26825;167;4080
08/03/2023;625;3940;26400;169;4100
09/03/2023;630;3970;27025;170;4100
10/03/2023;620;4010;26825;167;4110
13/03/2023;610;4070;28075;167;4160
14/03/2023;595;4020;27100;164;4210
15/03/2023;580;4010;27250;165;4100
16/03/2023;570;4050;26925;162;4070
17/03/2023;585;4050;28450;164;4160
20/03/2023;585;3990;27700;164;4160
21/03/2023;585;4120;27475;163;4200
24/03/2023;595;4070;27675;163;4270
27/03/2023;600;4050;27800;164;4290
28/03/2023;600;4050;28575;168;4300
29/03/2023;605;4100;29125;168;4360
30/03/2023;610;4090;28975;167;4260
31/03/2023;605;4060;29100;167;4350
03/04/2023;605;4080;28850;165;4290
04/04/2023;600;4060;29625;165;4290
05/04/2023;590;4150;29800;164;4250
06/04/2023;595;4250;29800;164;4250
10/04/2023;590;4300;30200;162;4290
11/04/2023;600;4300;30400;162;4200
12/04/2023;595;4310;31250;159;4190
13/04/2023;600;4340;31050;160;4100
14/04/2023;605;4340;30225;161;4150
17/04/2023;620;4270;30500;163;4130
18/04/2023;630;4270;31075;164;4090
26/04/2023;660;4400;31400;167;4100
27/04/2023;665;4320;31075;169;4400
28/04/2023;700;4250;28900;166;4400
02/05/2023;775;4190;26900;166;4400
03/05/2023;765;4150;25025;169;4400
04/05/2023;765;4150;24500;169;4450
05/05/2023;775;4170;24150;172;4490
08/05/2023;795;4060;25000;184;4470
09/05/2023;790;4070;25275;183;4390
10/05/2023;810;4130;25275;182;4500
11/05/2023;785;4090;24825;182;4430
12/05/2023;770;3980;24800;185;4400
15/05/2023;795;3980;24500;185;4500
16/05/2023;780;3980;24450;193;4510
17/05/2023;765;3990;24025;189;4460
19/05/2023;780;4020;23300;194;4430
22/05/2023;790;4040;23875;208;4420
23/05/2023;840;4040;24500;210;4450
24/05/2023;865;4160;24600;220;4410
25/05/2023;855;4120;23500;234;4410
26/05/2023;840;4130;23075;258;4380
29/05/2023;830;4200;22875;240;4550
30/05/2023;810;4120;22500;224;4540
31/05/2023;785;4040;22225;210;4530
05/06/2023;835;4080;22850;236;4500
06/06/2023;830;4090;23200;226;4460
07/06/2023;850;4150;22850;228;4570
08/06/2023;845;4170;23325;226;4600
09/06/2023;855;4150;23075;230;4550
12/06/2023;840;4050;23525;228;4610
13/06/2023;840;4030;22975;240;4510
14/06/2023;870;4000;22975;238;4440
15/06/2023;850;4020;23150;236;4520
16/06/2023;850;3970;22900;240;4390
19/06/2023;865;3960;23150;240;4380
20/06/2023;850;3990;23125;232;4300
21/06/2023;840;3980;23350;238;4360
22/06/2023;845;3940;23525;238;4250
23/06/2023;830;3950;23375;236;4270
26/06/2023;815;3990;23275;240;4230
27/06/2023;810;4000;23275;236;4260
03/07/2023;845;4000;23050;240;4310
04/07/2023;970;3970;23100;242;4330
05/07/2023;1170;3980;23700;272;4310
06/07/2023;1340;3960;24050;274;4250
07/07/2023;1275;3960;23750;270;4240
10/07/2023;1210;3950;24100;264;4250
11/07/2023;1220;3980;24475;268;4250
12/07/2023;1115;3980;24000;268;4210
13/07/2023;1125;3920;24150;242;4250
14/07/2023;1095;3930;24150;244;4250
17/07/2023;1095;3910;24225;250;4270
18/07/2023;1075;3850;24250;246;4270
20/07/2023;1085;3850;24375;246;4220
21/07/2023;1020;3860;24500;246;4290
24/07/2023;1040;3900;25400;248;4290
25/07/2023;1055;3880;25400;246;4050
26/07/2023;1080;3880;26400;244;3970
27/07/2023;1050;3720;26375;240;3840
28/07/2023;1075;3720;26650;234;3870
31/07/2023;1080;3720;27525;238;3850
01/08/2023;920;3750;27525;222;3770
02/08/2023;900;3690;26725;228;3690
03/08/2023;920;3720;27150;230;3770
04/08/2023;915;3690;27325;228;3740
07/08/2023;910;3680;27425;230;3720
08/08/2023;915;3730;27525;230;3750
09/08/2023;905;3770;27750;224;3720
10/08/2023;930;3800;27600;228;3680
11/08/2023;920;3810;27100;224;3700
14/08/2023;880;3830;27450;220;3730
15/08/2023;900;3820;27375;216;3730
16/08/2023;890;3830;27500;214;3730
18/08/2023;875;3760;26800;212;3690
21/08/2023;860;3740;27075;200;3710
22/08/2023;860;3750;27600;204;3710
23/08/2023;865;3740;27875;208;3750
24/08/2023;880;3720;26700;208;3720
25/08/2023;870;3720;26050;206;3760
28/08/2023;855;3700;26400;216;3780
29/08/2023;840;3720;26350;220;3760
30/08/2023;830;3810;26150;216;3740
31/08/2023;820;3730;26000;216;3670
01/09/2023;830;3720;26350;216;3660
04/09/2023;830;3730;26825;216;3660
05/09/2023;855;3740;27200;218;3620
06/09/2023;840;3790;27400;218;3650
07/09/2023;835;3760;27150;220;3630
08/09/2023;825;3690;27300;220;3610
11/09/2023;845;3700;26900;218;3650
12/09/2023;840;3710;27075;212;3620
13/09/2023;825;3710;27175;206;3590
14/09/2023;825;3680;27400;210;3560
15/09/2023;825;3720;28425;208;3500
18/09/2023;805;3680;28100;202;3470
19/09/2023;800;3730;28325;208;3580
20/09/2023;805;3810;28500;208;3630
21/09/2023;805;3810;28325;206;3770
22/09/2023;805;3860;28350;206;3850
25/09/2023;755;3770;28250;202;3820
26/09/2023;755;3760;27750;202;3820
27/09/2023;750;3720;28300;204;3770
29/09/2023;740;3750;28250;200;3740
02/10/2023;755;3750;27925;204;3700
03/10/2023;730;3770;27000;200;3590
04/10/2023;725;3780;26575;195;3580
05/10/2023;725;3720;26150;197;3660
06/10/2023;740;3780;26400;194;3800
09/10/2023;730;3760;26700;193;3720
10/10/2023;725;3810;26875;193;3670
11/10/2023;735;3780;26275;195;3610
12/10/2023;735;3830;25875;200;3630
13/10/2023;725;3850;26075;194;3650
16/10/2023;700;3760;26450;189;3650
17/10/2023;685;3790;26375;191;3830
18/10/2023;690;3750;26300;191;3820
19/10/2023;675;3730;26025;191;3810
20/10/2023;670;3700;25825;192;3860
23/10/2023;655;3610;25000;187;3840
24/10/2023;675;3650;25250;189;3990
25/10/2023;695;3600;26325;191;4080
26/10/2023;680;3480;26175;189;3980
27/10/2023;850;3500;25525;191;3980
30/10/2023;865;3420;24400;186;3790
31/10/2023;880;3490;25125;198;3620
01/11/2023;840;3620;24100;192;3580
02/11/2023;870;3620;23725;194;3590
03/11/2023;885;3570;23775;197;3550
06/11/2023;900;3650;23750;195;3620
07/11/2023;880;3570;23375;196;3570
08/11/2023;855;3520;22800;193;3600
09/11/2023;870;3530;22875;192;3600
10/11/2023;850;3550;23100;188;3590
13/11/2023;855;3520;23250;187;3530
14/11/2023;870;3500;23250;185;3480
15/11/2023;875;3550;23400;189;3430
16/11/2023;885;3540;23450;191;3460
17/11/2023;875;3550;22875;191;3470
20/11/2023;870;3590;22950;189;3460
21/11/2023;875;3620;22775;189;3480
22/11/2023;865;3610;22325;190;3500
23/11/2023;885;3600;22525;192;3540
24/11/2023;885;3620;22625;190;3530
27/11/2023;890;3680;22450;194;3520
28/11/2023;880;3770;22500;194;3600
29/11/2023;875;3720;22450;192;3630
30/11/2023;885;3760;21900;192;3650
01/12/2023;890;3830;22150;193;3630
04/12/2023;1110;3810;22425;202;3630
05/12/2023;985;3850;22050;192;3620
06/12/2023;980;3920;21625;193;3510
07/12/2023;1005;3910;21700;189;3570
08/12/2023;1000;3940;22300;189;3510
11/12/2023;940;3980;21825;185;3500
12/12/2023;950;3910;21850;187;3430
13/12/2023;985;3920;20925;187;3450
14/12/2023;990;3940;21450;190;3400
15/12/2023;990;3980;21275;189;3500
18/12/2023;980;3970;21800;187;3410
19/12/2023;1000;3970;21825;190;3430
20/12/2023;1080;3960;21800;190;3460
21/12/2023;1095;3950;22000;189;3470
22/12/2023;1085;3960;22025;189;3470
27/12/2023;1065;3940;22425;193;3470
28/12/2023;1055;3960;22700;193;3540
29/12/2023;1035;3950;22625;198;3530
02/01/2024;1080;3990;23475;197;3550
03/01/2024;1100;3960;23225;196;3530
04/01/2024;1190;3970;23275;200;3520
05/01/2024;1280;3890;23250;206;3520
08/01/2024;1215;3890;23025;206;3480
09/01/2024;1215;3960;23100;206;3430
10/01/2024;1225;4000;23300;202;3410
11/01/2024;1210;3990;23300;204;3410
12/01/2024;1160;4010;23900;199;3470
15/01/2024;1190;4000;24725;200;3430
16/01/2024;1175;4010;24600;200;3410
17/01/2024;1140;3990;24225;202;3320
18/01/2024;1135;3950;24100;204;3300
19/01/2024;1145;3940;24075;202;3240
22/01/2024;1090;3980;23250;198;3120
23/01/2024;1065;3950;22700;195;3180
24/01/2024;1075;3970;22550;191;3200
25/01/2024;1060;3980;23125;192;3160
26/01/2024;1045;3980;22975;191;3160
29/01/2024;1045;4010;23325;191;3080
30/01/2024;1080;4000;22850;193;3130
31/01/2024;1085;3960;22950;192;3100
01/02/2024;1075;4040;22800;193;3100
02/02/2024;1080;3990;22850;191;3170
05/02/2024;1020;3980;22675;191;3200
06/02/2024;1015;3980;22800;191;3250
07/02/2024;1030;3980;22900;191;3270
12/02/2024;1035;4000;23225;192;2920
13/02/2024;1055;3980;23150;194;2800
15/02/2024;1065;4030;23200;195;2930
16/02/2024;1060;4160;23250;194;2830
19/02/2024;1035;4160;22950;192;2800
20/02/2024;1060;4210;22900;193;2760
21/02/2024;1155;4180;23025;191;2690
22/02/2024;1160;4090;23125;191;2720
23/02/2024;1160;4100;22800;192;2690
26/02/2024;1160;4090;23000;190;2590
27/02/2024;1120;3990;23850;189;2620
28/02/2024;1115;3990;23850;189;2700
29/02/2024;1175;4000;23525;190;2730
01/03/2024;1175;3920;23725;189;2730
04/03/2024;1150;3940;24000;190;2670
05/03/2024;1170;3870;24125;187;2670
06/03/2024;1160;3900;24325;186;2690
07/03/2024;1150;3900;24000;188;2730
08/03/2024;1145;3860;24175;189;2660
13/03/2024;1170;3900;23525;189;2720
14/03/2024;1165;3960;24125;189;2690
15/03/2024;1130;3970;24175;188;2640
18/03/2024;1140;3920;24275;188;2770
19/03/2024;1190;3940;24375;187;2740
20/03/2024;1250;3930;24550;188;2760
21/03/2024;1245;3890;24775;195;2720
22/03/2024;1240;3900;24600;195;2720
25/03/2024;1235;3730;24550;197;2760
26/03/2024;1260;3620;24300;196;2770
27/03/2024;1240;3490;24600;194;2730
28/03/2024;1255;3470;24175;191;2700
01/04/2024;1385;3510;24025;192;2730
02/04/2024;1390;3490;24900;198;2740
03/04/2024;1390;3420;25250;194;2690
04/04/2024;1300;3450;25050;195;2710
05/04/2024;1300;3430;25250;199;2680
16/04/2024;1200;3220;26250;195;2540
17/04/2024;1205;3200;25575;197;2370
18/04/2024;0;0;0;0;2390
;;;;;0
